<?xml version="1.0" encoding="UTF-8" ?>
<!DOCTYPE mapper
PUBLIC "-//mybatis.org//DTD Mapper 3.0//EN"
"http://mybatis.org/dtd/mybatis-3-mapper.dtd">
<mapper namespace="com.ruoyi.project.cstest.mapper.CsTestMapper">
    
    <resultMap type="CsTest" id="CsTestResult">
        <result property="id"    column="id"    />
        <result property="testKey"    column="test_key"    />
        <result property="value"    column="value"    />
        <result property="version"    column="version"    />
        <result property="createTime"    column="create_time"    />
        <result property="deleted"    column="deleted"    />
    </resultMap>


</mapper>